Unnamed: 0,지역명,측정소명,주소,위도,경도,광역시도,시군구,구읍,중복확인
0,서울,강남구,서울 강남구 학동로 426 강남구청 별관 1동,37.5179681611717,127.047059839521,서울특별시,강남구,학동로,서울 강남
1,서울,강동구,서울 강동구 구천면로 42길 59 천호1동 주민센터,37.5450208674213,127.13679935135,서울특별시,강동구,구천면로,서울 강동
2,서울,강북구,서울 강북구 삼양로 139길 49 우이동 주민센터,37.6479342499954,127.011869707413,서울특별시,강북구,삼양로,서울 강북
3,서울,강서구,서울 강서구 강서로 45 다길 71 화곡3동 푸른들청소년도서관,37.5446697303679,126.835179100171,서울특별시,강서구,강서로,서울 강서
4,서울,관악구,서울 관악구 신림동길 14 신림동 주민센터,37.4873960036367,126.927113892829,서울특별시,관악구,신림동길,서울 관악
5,서울,광진구,서울특별시 광진구 광나루로 571 구의 아리수정수센터,37.5459473143709,127.09295071199,서울특별시,광진구,광나루로,서울 광진
6,서울,구로구,서울 구로구 가마산로 27길 45 구로고등학교,37.4988400846064,126.890309191986,서울특별시,구로구,가마산로,서울 구로
7,서울,금천구,서울 금천구 금하로21길 20 시흥5동 주민센터,,,서울특별시,금천구,금하로21길,서울 금천
8,서울,노원구,서울 노원구 상계로 118 상계2동 주민센터 (23길 17 노원구 원터행복발전소),37.6574831321849,127.067864123732,서울특별시,노원구,상계로,서울 노원
9,서울,도봉구,서울 도봉구 시루봉로2길 34 쌍문동청소년문화의집,37.6542176014875,127.029080065774,서울특별시,도봉구,시루봉로2길,서울 도봉
10,서울,동대문구,서울 동대문구 천호대로13길 43 용두초등학교,37.5764130924206,127.028387192811,서울특별시,동대문구,천호대로13길,서울 동대문
11,서울,동작구,서울 동작구 사당로16아길 6 사당4동 주민센터,37.4809757528847,126.971633687906,서울특별시,동작구,사당로16아길,서울 동작
12,서울,마포구,서울 마포구 포은로 6길 10 망원1동주민센터 옥상,37.5555883684512,126.905591296196,서울특별시,마포구,포은로,서울 마포
13,서울,서대문구,서울 서대문구 세검정로4길 32(홍제3동 주민센터) ,37.5937665695472,126.949691080182,서울특별시,서대문구,세검정로4길,서울 서대문
14,서울,서초구,서울 서초구 신반포로15길 16 반포 2동 주민센터,37.5045865893249,126.994471501866,서울특별시,서초구,신반포로15길,서울 서초
15,서울,성동구,서울 성동구 뚝섬로3길 18 성수1가1동주민센터,37.5420323828235,127.049688457046,서울특별시,성동구,뚝섬로3길,서울 성동
16,서울,성북구,서울 성북구 삼양로2길 70 길음2동 주민센터,37.6068073305341,127.027279365525,서울특별시,성북구,삼양로2길,서울 성북
17,서울,송파구,서울 송파구 백제고분로 236 삼전동 주민센터 (삼전동),37.5027249577567,127.092523102,서울특별시,송파구,백제고분로,서울 송파
18,서울,양천구,서울 양천구 중앙로52길 56 신정4동 문화센터,37.5259751797829,126.856602131412,서울특별시,양천구,중앙로52길,서울 양천
19,서울,영등포구,서울특별시 영등포구 당산로 123 영등포구청 (당산동3가),37.525963157053,126.896367130558,서울특별시,영등포구,당산로,서울 영등포
20,서울,용산구,서울 용산구 한남대로 136 서울특별시중부기술교육원,37.5404404203161,127.004301422814,서울특별시,용산구,한남대로,서울 용산
21,서울,은평구,서울 은평구 진흥로 215 (한국환경산업기술원 온실동2층 ),37.6098717913874,126.934324904596,서울특별시,은평구,진흥로,서울 은평
22,서울,종로구,"서울 종로구 종로35가길 19 종로5,6가 동 주민센터",37.5720611697886,127.005031333474,서울특별시,종로구,종로35가길,서울 종로
23,서울,중구,서울 중구 덕수궁길 15 시청서소문별관 3동,37.5645541852439,126.975613605737,서울특별시,중구,덕수궁길,서울 중구
24,서울,중랑구,서울 중랑구 용마산로 369 건강가정지원센터,37.5849127213259,127.094036329091,서울특별시,중랑구,용마산로,서울 중랑
25,경기,가남읍,경기도 여주시 가남읍 태평중앙1길 20 가남읍행정복지센터 옥상,37.2016541764562,127.544872949932,경기도,여주시,가남읍,여주
26,경기,가평,경기도 가평군 가평읍 석봉로 181 가평군청 의회동,37.8313195480319,127.509705314726,경기도,가평군,가평읍,가평
27,경기,경안동,경기 광주시 중앙로 128 농협중앙회,37.4112391198746,127.258027762826,경기도,광주시,중앙로,광주
28,경기,고덕동,경기도 평택시 고덕면 고덕국제2로 111 종덕초등학교 2층 옥상,,,경기도,평택시,고덕면,평택
29,경기,고색동,경기 수원시 권선구 서부로 1600 수원시도로교통관리사업소,37.2523881010926,126.976423917681,경기도,수원시,권선구,수원 권선
30,경기,고읍,경기 양주시 고읍남로 205 청소년문화의 집,37.7916887633938,127.084748199463,경기도,양주시,고읍남로,양주
31,경기,고잔동,경기 안산시 단원구 화랑로 387 안산시청,37.3225569017972,126.83271351583,경기도,안산시,단원구,안산 단원
32,경기,고천동,경기 의왕시 시청로 11 의왕시청 민원실,37.3454377013608,126.968239442296,경기도,의왕시,시청로,의왕
33,경기,고촌읍,경기 김포시 고촌읍 신곡로 152 김포시상하수도사업소,37.6078416102089,126.762669067783,경기도,김포시,고촌읍,김포
35,경기,공도읍,경기도 안성시 공도읍 공도4로 8 공도읍행정복지센터 옥상,37.0010180527506,127.172517131455,경기도,안성시,공도읍,안성
36,경기,과천동,경기 과천시 상하벌로 17 과천시 환경사업소,,,경기도,과천시,상하벌로,과천
37,경기,광교동,경기도 수원시 영통구 광교중앙로 216 광교중앙공원 관리동 옥상 (하동),37.2907652401614,127.064003249231,경기도,수원시,영통구,수원 영통
38,경기,교문동,경기 구리시 아차산로 439 구리시청 구리시의회,37.5943497638182,127.129640137928,경기도,구리시,아차산로,구리
39,경기,금곡동,경기 남양주시 경춘로 1037 남양주시청 신관,37.636616841679,127.217995427756,경기도,남양주시,경춘로,남양주
40,경기,금촌동,경기 파주시 후곡로 13 교육문화회관 별관,37.7563488390734,126.773911313978,경기도,파주시,후곡로,파주
41,경기,기흥,경기 용인시 기흥구 관곡로 95 기흥구청,37.2804471236926,127.114689044329,경기도,용인시,기흥구,용인 기흥
42,경기,김량장동,경기 용인시 처인구 금령로 50 처인구청,37.2343799583504,127.201337164542,경기도,용인시,처인구,용인 처인
43,경기,남양읍,경기 화성시 남양읍 남양성지로 192-5 남양읍행정복지센터,37.2117634183788,126.823770163255,경기도,화성시,남양읍,화성
44,경기,내동,경기 부천시 삼작로 109 신흥동주민센터 앞 도로변,37.5204599085828,126.77334163943,경기도,부천시,삼작로,부천
45,경기,단대동,경기 성남시 수정구 희망로 506번길 21 단대동행정복지센터,37.4496808511685,127.1556537813,경기도,성남시,수정구,성남 수정
46,경기,당동,경기 군포시 산본로197번길 36 당동도서관,37.353715480848,126.945167965447,경기도,군포시,산본로197번길,군포
49,경기,대야동,경기 시흥시 복지로 37 다다커뮤니티센터,37.4430478658519,126.788537263782,경기도,시흥시,복지로,시흥
54,경기,미사,경기도 하남시 아리수로 531 미사2동 행정복지센터 (망월동),37.5671830730789,127.186067879556,경기도,하남시,아리수로,하남
60,경기,보산동,경기 동두천시 싸리말로 28 보산동행정복지센터,37.9176426372764,127.061316992389,경기도,동두천시,싸리말로,동두천
62,경기,본오동,경기도 안산시 상록구 오목로7길 15 본오1동 작은도서관 (본오동),37.2892643238539,126.864505545253,경기도,안산시,상록구,안산 상록
67,경기,부림동,경기 안양시 동안구 시민대로 235 안양시청 민원실,37.3942980869639,126.956858356687,경기도,안양시,동안구,안양 동안
68,경기,부발읍,경기도 이천시 부발읍 무촌로 117 부발보건지소 옥상,37.2832844074694,127.486656096576,경기도,이천시,부발읍,이천
72,경기,상대원동,경기 성남시 중원구 둔촌대로 425 상대원1동행정복지센터,37.4332105671312,127.164383769366,경기도,성남시,중원구,성남 중원
75,경기,선단동,경기 포천시 삼육사로 2186번길 11-15 선단보건지소,37.8541560902089,127.159162625756,경기도,포천시,삼육사로,포천
78,경기,소하동,경기 광명시 소하일로 7 소하도서관,37.4454588390211,126.887992771261,경기도,광명시,소하일로,광명
80,경기,송산3동,경기도 의정부시 민락로243번길 94 푸른마당 근린공원 인근 연결녹지(송양유치원과 민락천 사이) (민락동),37.7476304009553,127.106836949527,경기도,의정부시,민락로243번길,의정부
81,경기,수내동,경기 성남시 분당구 분당로 50 분당구청,37.3826312209875,127.118955311185,경기도,성남시,분당구,성남 분당
82,경기,수지,경기 용인시 수지구 수지로 342번길3 풍덕천1동주민자치센터,37.3279574101003,127.095028732286,경기도,용인시,수지구,용인 수지
84,경기,식사동,경기 고양시 일산동구 위시티로 151 양일초등학교,37.6853441200697,126.813609451696,경기도,고양시,일산동구,고양 일산동
85,경기,신원동,경기 고양시 덕양구 신원2로 24 신원도서관,37.6663812292634,126.886357964454,경기도,고양시,덕양구,고양 덕양
87,경기,신풍동,경기 수원시 팔달구 신풍로 23번길 68 선경도서관,37.2838622883287,127.010432152228,경기도,수원시,팔달구,수원 팔달
88,경기,안양2동,경기 안양시 만안구 안양로 384번길 50 안양2동 행정복지센터,37.4050865997381,126.917831990321,경기도,안양시,만안구,안양 만안
91,경기,양평읍,경기도 양평군 양평읍 마유산로 17 양평군보건소 옥상,37.4970350781635,127.48668110758,경기도,양평군,양평읍,양평
92,경기,연천,경기 연천군 연천읍 차현로 58 연천군청 지역경제과,38.0964663433964,127.07627458821,경기도,연천군,연천읍,연천
95,경기,오산동,경기 오산시 경기동로 51 오산고용복지플러스센터,37.1588828017874,127.077316212246,경기도,오산시,경기동로,오산
116,경기,주엽동,경기도 고양시 일산서구 주엽로 104 주엽어린이도서관 (주엽동),37.6684631292165,126.756504603614,경기도,고양시,일산서구,고양 일산서
122,경기,천천동,경기 수원시 장안구 서부로 2066 성균관대학교 제2공학관,37.2959755681328,126.974208675283,경기도,수원시,장안구,수원 장안
135,인천,검단,인천 서구 검단로502번길 15(마전동) 검단출장소 옥상,37.6019662602512,126.661631572154,인천광역시,서구,검단로502번길,인천 서구
136,인천,계산,인천 계양구 계양산로134번길 18(계산동) 계양도서관 옥상,37.5460036103084,126.730110081149,인천광역시,계양구,계양산로134번길,인천 계양
137,인천,고잔,인천 남동구 은봉로 82 인천지방중소벤처기업청옥상,37.4096749083189,126.699284060833,인천광역시,남동구,은봉로,인천 남동
139,인천,길상,인천 강화군 길상면 강화동로 15-1 길상면보건지소 2층,37.6404819881486,126.49124094877,인천광역시,강화군,길상면,인천 강화
141,인천,동춘,인천 연수구 원인재로 115(동춘동) 연수구의회 옥상,37.409493814977,126.678337878586,인천광역시,연수구,원인재로,인천 연수
142,인천,부평,인천 부평구 부평대로88번길 19(부평동) 인천부평동초등학교 옥상,37.4995139810487,126.724408311262,인천광역시,부평구,부평대로88번길,인천 부평
147,인천,송림,인천 동구 금곡로 67(송림동) 동구의회 옥상,37.4734098106142,126.642908179264,인천광역시,동구,금곡로,인천 동구
149,인천,숭의,인천 미추홀구 독정안길 26 용정초등학교,37.4594369848285,126.657235030997,인천광역시,미추홀구,독정안길,인천 미추홀
150,인천,신흥,인천 중구 서해대로 471(신흥동 2가) 인천보건환경연구원 옥상,37.4683044944729,126.635022628482,인천광역시,중구,서해대로,인천 중구
154,인천,영흥,인천광역시 옹진군 영흥면 영흥로251번길 90 영흥 면사무소 2층 옥상 (영흥면사무소),37.2560979345935,126.483342493643,인천광역시,옹진군,영흥면,인천 옹진
160,강원,갈말읍,강원특별자치도 철원군 갈말읍 삼부연로 51 철원군청,38.1467630109648,127.313401631163,강원특별자치도,철원군,갈말읍,철원
161,강원,금호동,강원특별자치도 속초시 중앙시장로 43 금호동주민센터 (중앙동),38.2069455941329,128.588234732383,강원특별자치도,속초시,중앙시장로,속초
162,강원,남양동1,강원특별자치도 삼척시 남양길 11(남양동 331-9) 남양동주민센터 3층 옥상,37.4426389474352,129.168368356744,강원특별자치도,삼척시,남양길,삼척
163,강원,문막읍,강원특별자치도 원주시 문막읍 건등로 11 문막읍행정복지센터 부지내 지상,37.3129269413822,127.817376661339,강원특별자치도,원주시,문막읍,원주
165,강원,상리,강원특별자치도 고성군 간성읍 수성로 160 상리 측정소,38.3811881320898,128.463724651809,강원특별자치도,고성군,간성읍,고성(강원)
166,강원,석사동,강원특별자치도 춘천시 외솔길 17(석사동 322-1) 강원도 개발공사 2층 옥상,37.8571095194872,127.749889000911,강원특별자치도,춘천시,외솔길,춘천
168,강원,양구읍,강원특별자치도 양구군 양구읍 관공서로 33 양구읍 측정소,38.1092027722289,127.98982925358,강원특별자치도,양구군,양구읍,양구
169,강원,양양읍,강원특별자치도 양양군 양양읍 남문로 39 양양군 군의회 옥상,38.0750005730199,128.618361253123,강원특별자치도,양양군,양양읍,양양
170,강원,영월읍,강원특별자치도 영월군 영월읍 팔괴로 7-3 능동배수펌프장 부지내 지상,37.1725797049881,128.455308225328,강원특별자치도,영월군,영월읍,영월
171,강원,옥천동,강원특별자치도 강릉시 경강로 2179(옥천동 327-2) 옥천동주민센터 2층 옥상,37.760146421684,128.902901137286,강원특별자치도,강릉시,경강로,강릉
172,강원,우천면,강원특별자치도 횡성군 우천면 우항1길 5-34 우천보건지소 옥상,37.459744773006,128.063149729537,강원특별자치도,횡성군,우천면,횡성
173,강원,인제읍,강원특별자치도 인제군 인제읍 비봉로44번길 93 인제군기상관측소,,,강원특별자치도,인제군,인제읍,인제
174,강원,정선읍,강원특별자치도 정선군 정선읍 정선로 1331 정선읍행정복지센터 옥상,37.3797750286128,128.661697787512,강원특별자치도,정선군,정선읍,정선
179,강원,천곡동,강원특별자치도 동해시 천곡로 77(천곡동 806) 동해시의회 2층 옥상,37.5247160363066,129.114353204532,강원특별자치도,동해시,천곡로,동해
180,강원,평창읍,강원특별자치도 평창군 평창읍 종부로 61(종부리 504) 평창군보건의료원 2층 옥상,37.3604916716915,128.388851223242,강원특별자치도,평창군,평창읍,평창
181,강원,홍천읍,강원특별자치도 홍천군 홍천읍 연봉동로 27 홍천기상관측소,37.683782946675,127.880269766999,강원특별자치도,홍천군,홍천읍,홍천
182,강원,화천읍,강원특별자치도 화천군 화천읍 화천새싹길 45 건설방재과 옥상,38.1056206855251,127.707927506573,강원특별자치도,화천군,화천읍,화천
183,강원,황지동,강원특별자치도 태백시 태붐로 21 태백시청 부지 내 지상 (황지동),37.1642386319421,128.98655047266,강원특별자치도,태백시,태붐로,태백
185,충남,고덕면(충남),충청남도 예산군 고덕면 예당산단4길 147 예당일반산업단지 폐수처리장 내,36.7626221960546,126.730241242245,충청남도,예산군,고덕면,예산
186,충남,공주,충남 공주시 봉황로 1 (공주시의회 옥상),36.4461617427402,127.119069274839,충청남도,공주시,봉황로,공주
187,충남,금산읍,충남 금산군 금산읍 비호로 69 금산읍사무소 별관 1층 옥상,36.1071626829957,127.490899426272,충청남도,금산군,금산읍,금산
188,충남,내포,충청남도 홍성군 홍북읍 홍예공원로 8 충남보건환경연구원 부지내 1층,36.6535486142166,126.667241040584,충청남도,홍성군,홍북읍,홍성
189,충남,논산,충남 논산시 시민로 389 (취암/부창동 행정복지센터 2층 옥상),36.1996245149014,127.087049426887,충청남도,논산시,시민로,논산
190,충남,당진시청사,충남 당진시 시청1로 1 당진시청사,36.8897414295142,126.645971032203,충청남도,당진시,시청1로,당진
191,충남,대산리,충청남도 서산시 대산읍 충의로 1942 대산종합시장 옥상,36.9380045428536,126.433942856052,충청남도,서산시,대산읍,서산
192,충남,대천2동,충남 보령시 중앙로 142-16 (대천2동 주민센터 옥상),36.3534104877207,126.589782017619,충청남도,보령시,중앙로,보령
193,충남,도고면,충남 아산시 도고면 기곡리 296-4 기곡1리 마을회관 지상,36.7625241696908,126.888727723074,충청남도,아산시,도고면,아산
199,충남,백석동,충청남도 천안시 서북구 음봉로 861-50 한들문화센터 (백석동),36.828034199931,127.104606412951,충청남도,천안시,서북구,천안 서북
200,충남,부여읍,충남 부여군 부여읍 사비로 36 (부여읍행정복지센터 옥상),36.2755521716287,126.911170289082,충청남도,부여군,부여읍,부여
202,충남,서면,충남 서천군 서면 서인로 761 서면보건지소옥상,36.1529161979613,126.549264731833,충청남도,서천군,서면,서천
207,충남,성황동,충남 천안시 동남구 복자1길 24 문성어린이집 문성시립보육시설 옥상,36.8142212551557,127.152127271022,충청남도,천안시,동남구,천안 동남
211,충남,엄사면,충청남도 계룡시 엄사면 번영7길 17 엄사도서관 옥상,36.2870084464795,127.237920729471,충청남도,계룡시,엄사면,계룡
214,충남,원북면,충청남도 태안군 원북면 상리길 17-4 원북면 보건지소 옥상,36.8242532752412,126.257180692086,충청남도,태안군,원북면,태안
218,충남,정산면,충청남도 청양군 정산면 칠갑산로 1861 정산커뮤니티센터,36.4149972873666,126.94558748859,충청남도,청양군,정산면,청양
225,대전,관평동,대전광역시 유성구 테크노중앙로 88 동화울수변공원 내 (관평동),36.424396628209,127.39409910873,대전광역시,유성구,테크노중앙로,대전 유성
228,대전,대성동,대전광역시 동구 동구청로 36 남부여성가족원 (대성동),36.3018762501966,127.460307667188,대전광역시,동구,동구청로,대전 동구
229,대전,둔산동,대전 서구 둔산서로 84(근로자 종합복지회관) 근로자 종합복지회관(3층 옥상),36.3543053981475,127.383476925817,대전광역시,서구,둔산서로,대전 서구
230,대전,문창동,대전 중구 보문로 20번길 38(문창동 주민센터) 문창동 주민센터,36.3162083485201,127.43792100317,대전광역시,중구,보문로,대전 중구
231,대전,문평동,대전 대덕구 문평동로 18번길 34(문평동 119안전센터) 문평동 119안전센터,36.4469173628791,127.404715940285,대전광역시,대덕구,문평동로,대전 대덕
236,충북,가덕면,충청북도 청주시 상당구 가덕면 보청대로 4650 가덕면사무소 앞쪽 부지,36.5533586809667,127.548272697254,충청북도,청주시,상당구,청주 상당
237,충북,감물면,충청북도 괴산군 감물면 충민로신대길 13 감물면사무소 지상,36.8367058223805,127.87497780042,충청북도,괴산군,감물면,괴산
239,충북,단성면,충북 단양군 단성면 충혼로 52-1 단성보건지소 주차장(지면),36.9391593936121,128.320841053443,충청북도,단양군,단성면,단양
241,충북,덕산읍,충청북도 진천군 덕산읍 대월로 90 혁신도시공원 관리사무소 옥상,36.901902923896,127.539094201119,충청북도,진천군,덕산읍,진천
242,충북,도안면,충청북도 증평군 도안면 문화마을길 8 도안면사무소 옥상,36.8135539598175,127.612662692139,충청북도,증평군,도안면,증평
244,충북,보은읍,충청북도 보은군 보은읍 이평리 244 보은군 스포츠파크,36.4841550475739,127.731072970116,충청북도,보은군,보은읍,보은
245,충북,사천동,"충북 청주시 청원구 사천동 233-223번지(사뜸로 61번길 88-14), 청주청원도서관 옥상(2층) 청주청원도서관 옥상",36.6662491019072,127.475012190031,충청북도,청주시,청원구,청주 청원
246,충북,산남동,충청북도 청주시 서원구 원흥로 81 청주지방법원 옆 주차장 지상 (산남동),36.6132585639013,127.468769324403,충청북도,청주시,서원구,청주 서원
247,충북,살미면,충청북도 충주시 살미면 세성양지말길 41 살미면 행정복지센터 주차장 옆,36.905423676216,127.964469546958,충청북도,충주시,살미면,충주
248,충북,소이면,충청북도 음성군 소이면 소이로 409 소이면전천후게이트볼장 공터,36.9236503828895,127.757650724566,충청북도,음성군,소이면,음성
249,충북,송정동(봉명동),충북 청주시 흥덕구 직지대로 393(송정동) 충북문화재연구원 옥상,36.6448655355486,127.4367816619,충청북도,청주시,흥덕구,청주 흥덕
250,충북,영동읍,충청북도 영동군 영동읍 계산로2길 25 레인보우도서관 옥상,36.1727527194374,127.77779094926,충청북도,영동군,영동읍,영동
251,충북,영천동,충청북도 제천시 청풍호로8길 7 비점오염원 관리시설 뒤편 공터 (영천동),37.1241064235549,128.200858294211,충청북도,제천시,청풍호로8길,제천
254,충북,옥천읍,충북 옥천군 옥천읍 중앙로 99(옥천군청 통합관제 센터 옥상) 옥천군청 통합관제 센터 옥상,36.3058564614158,127.571572404035,충청북도,옥천군,옥천읍,옥천
266,세종,부강면,세종특별자치시 부강면 부강외천로 20 문화복지회관 옥상,36.5270775723323,127.370358312053,세종특별자치시,부강면,부강외천로,세종
271,부산,개금동,부산광역시 부산진구 개금온정로17번길 51 개금3동 어린이놀이터 지상 (개금동),35.1552027665379,129.022660593394,부산광역시,부산진구,개금온정로17번길,부산 부산진
272,부산,광복동,부산 중구 광복로 55번길 10 광복동주민센터 옥상,35.0999599283178,129.030401003961,부산광역시,중구,광복로,부산 중구
273,부산,광안동,부산 수영구 광안로21번가길 57 한바다중학교 옥상,35.1572924115621,129.117611853193,부산광역시,수영구,광안로21번가길,부산 수영
274,부산,기장읍,부산 기장군 기장읍 읍내로 69 기장초등학교 옥상,35.2458010248056,129.21276466248,부산광역시,기장군,기장읍,부산 기장
275,부산,녹산동,부산 강서구 녹산산단 382로 49번길 39 부산환경공단 녹산사업소,,,부산광역시,강서구,녹산산단,부산 강서
276,부산,당리동,부산 사하구 제석로 41 낙동초등학교 운동장 동편 화단 (당리동),35.1055572484486,128.972366232595,부산광역시,사하구,제석로,부산 사하
277,부산,대신동,부산 서구 대신로 150 부산국민체육센터 옥상,35.1173241892258,129.015769555162,부산광역시,서구,대신로,부산 서구
278,부산,대연동,부산 남구 수영로 196번길 80 부산공업고등학교 공동실습관 옥상,35.1301674053981,129.087687218828,부산광역시,남구,수영로,부산 남구
280,부산,덕천동,부산 북구 덕천2길 10 덕천초등학교 운동장 남쪽 화단,35.2082050651349,129.006965137504,부산광역시,북구,덕천2길,부산 북구
281,부산,덕포동,부산 사상구 삼덕로 83 덕포초등학교 운동장 북서쪽 화단 (덕포동),35.1739318359051,128.986027845248,부산광역시,사상구,삼덕로,부산 사상
282,부산,명장동,부산 동래구 명장로 32 명장1동 주민센터 옥상,35.2046966233295,129.104247832569,부산광역시,동래구,명장로,부산 동래
284,부산,부곡동,부산 금정구 부곡로156번길 7 부곡2동 주민센터 옥상 (부곡동),35.2298385757335,129.092698337909,부산광역시,금정구,부곡로156번길,부산 금정
285,부산,수정동,부산 동구 구청로 1 동구청 지상,35.1292975675514,129.045298203371,부산광역시,동구,구청로,부산 동구
286,부산,연산동,부산 연제구 중앙대로 1001 부산광역시청 녹음광장 창고,35.17992598569,129.07509523457,부산광역시,연제구,중앙대로,부산 연제
290,부산,재송동,부산광역시 해운대구 센텀동로 191 동부하수처리장 (재송동),,,부산광역시,해운대구,센텀동로,부산 해운대
294,부산,청학동,부산광역시 영도구 청학남로13번길 18 청학동 어울림마당 (청학동),35.0907590792115,129.05949686454,부산광역시,영도구,청학남로13번길,부산 영도
299,울산,농소동,울산광역시 북구 호수중앙로 14 농소운동장 주차장 (창평동),35.6217776488612,129.358774488939,울산광역시,북구,호수중앙로,울산 북구
300,울산,대송동,울산 동구 대송5길 10 대송동주민센터 옥상,35.5031635726982,129.418343654541,울산광역시,동구,대송5길,울산 동구
301,울산,덕신리,울산광역시 울주군 온산읍 덕신로 229 고려아연(주) 사택 주차장,35.4338839911089,129.306715755053,울산광역시,울주군,온산읍,울산 울주
302,울산,무거동,울산 남구 대학로 147번길 38 무거동주민센터,35.550971215137,129.26072278192,울산광역시,남구,대학로,울산 남구
308,울산,성남동,울산 중구 새즈믄해거리 28 농협 성남동 지점,35.5562908595343,129.320501695715,울산광역시,중구,새즈믄해거리,울산 중구
318,대구,군위읍,대구광역시 군위군 군위읍 군청로 158 군위종합테니스장 옥상,36.2377123994957,128.574021887123,대구광역시,군위군,군위읍,군위
319,대구,남산1동,대구광역시 중구 남산로2길 125 대구명덕초등학교 (남산동),35.8575407313541,128.589026723236,대구광역시,중구,남산로2길,대구 중구
320,대구,내당동,대구광역시 서구 서대구로3길 46 내당4동 행정복지센터 3층 옥상 (내당동),35.8590204613206,128.551843290608,대구광역시,서구,서대구로3길,대구 서구
321,대구,다사읍,대구광역시 달성군 다사읍 매곡로12길 37 다사읍주민자치센터,35.864806459845,128.457304973104,대구광역시,달성군,다사읍,대구 달성
322,대구,대명동,대구 남구 성당로30길55 성명초등학교별관3층옥상 성명초등학교 별관 3층 옥상,35.8451566195644,128.570821088834,대구광역시,남구,성당로30길55,대구 남구
323,대구,만촌동,대구 수성구 만촌2동 934 (동원초등학교)(국채보상로 1000) 동원초등학교,35.865321271763,128.639696032245,대구광역시,수성구,만촌2동,대구 수성
324,대구,본동,대구광역시 달서구 구마로26길 62 본동행정복지센터 (본동),35.8344407802131,128.541042383177,대구광역시,달서구,구마로26길,대구 달서
325,대구,산격동,대구광역시 북구 연암로 40 시청별관 105동 3층 옥상 (산격동),35.8920272135629,128.598409309488,대구광역시,북구,연암로,대구 북구
326,대구,서호동,대구 동구 서호동 25-1(안심로49길 70) 반야월초등학교 옥상,35.8689868390636,128.711254373865,대구광역시,동구,서호동,대구 동구
338,경북,3공단,경북 포항시 남구 대송면 철강산단로130번길 29 3공단 배수지,,,경상북도,포항시,남구,포항 남구
339,경북,4공단,경상북도 구미시 산동읍 첨단기업1로 17 구미전자정보기술원 혁신관 옥상,36.1426648577183,128.438954150553,경상북도,구미시,산동읍,구미
340,경북,가흥동,경북 영주시 가흥로 263 시립도서관 내 (가흥동),36.8208530770399,128.612910076358,경상북도,영주시,가흥로,영주
342,경북,대가야읍,경북 고령군 대가야읍 성산로 46 고령배수지,35.7285208760864,128.287237210164,경상북도,고령군,대가야읍,고령
343,경북,대광동,경북 김천시 공단2길 30-22 평생교육원 별관 2층 옥상,36.1438650383261,128.137236276851,경상북도,김천시,공단2길,김천
346,경북,명륜동,경북 안동시 퇴계로 115 (명륜동) 안동시청 경민관 옥상,36.5681878023317,128.730260547553,경상북도,안동시,퇴계로,안동
347,경북,문경시,경북 문경시 시청2길 45 모전도서관 옥상 (모전동),36.5866740018493,128.186063186849,경상북도,문경시,시청2길,문경
348,경북,보덕동,경북 경주시 경감로 587-18 경주스마트미디어센터 지상,35.8357767555058,129.28727614942,경상북도,경주시,경감로,경주
349,경북,봉화군청,경상북도 봉화군 봉화읍 봉화로 1111 봉화군청 입구,36.8931441999373,128.732497602983,경상북도,봉화군,봉화읍,봉화
350,경북,상주시,경북 상주시 북천로 63 북문동주민센터,36.4290046812627,128.157794607217,경상북도,상주시,북천로,상주
353,경북,성주군,경상북도 성주군 성주읍 성주로 3258 성주군 별고을교육원 옥상,35.9174401963554,128.290225305247,경상북도,성주군,성주읍,성주
356,경북,안계면,경상북도 의성군 안계면 안계길 114 안계면사무소 옥상,36.3839839454585,128.440424053806,경상북도,의성군,안계면,의성
357,경북,양덕동,경상북도 포항시 북구 천마로 161 (양덕동) (장량동 다목적 구호소),36.091078338982,129.396686886952,경상북도,포항시,북구,포항 북구
359,경북,영덕읍,경북 영덕군 영덕읍 삼근길 6-7 영덕군민운동장 옆,36.4202732565252,129.363807917591,경상북도,영덕군,영덕읍,영덕
360,경북,영양군,경상북도 영양군 영양읍 군청길 37 영양군청 옥상,36.6673657743067,129.112662912903,경상북도,영양군,영양읍,영양
362,경북,영천시,경북 영천시 시청로 23 영천 별빛직장어린이집,35.9727869727179,128.937565208611,경상북도,영천시,시청로,영천
364,경북,예천군,경상북도 예천군 호명면 행복7길 25-4 예천군 통합관제센터 옥상,36.5767804910065,128.473240652207,경상북도,예천군,호명면,예천
367,경북,울릉읍,경북 울릉군 울릉읍 도동2길 65 울릉군민회관,37.4842386293895,130.905380975122,경상북도,울릉군,울릉읍,울릉
368,경북,울진군,경상북도 울진군 울진읍 읍내10길 19 울진읍사무소,36.9971890999169,129.403006041533,경상북도,울진군,울진읍,울진
375,경북,중방동,경북 경산시 중방동 708-5 남매로 158 경산시보건소 정신보건센터 2층,,,경상북도,경산시,중방동,경산
379,경북,청송읍,경상북도 청송군 청송읍 금월로 230 청송군 영농일자리지원센터 옥상,36.4292838957887,129.056166944904,경상북도,청송군,청송읍,청송
380,경북,칠곡군,경북 칠곡군 왜관읍 관문로1길 30 칠곡군 보건소 건강증진센터 옥상,35.9907079722117,128.418640579472,경상북도,칠곡군,왜관읍,칠곡
384,경북,화양읍,경북 청도군 화양읍 도주관로 159 화양읍사무소 옥상,35.6498335405724,128.70617635324,경상북도,청도군,화양읍,청도
385,경남,가야읍,경남 함안군 가야읍 함안대로 505 가야읍행정복지센터 옥상,35.2720010482262,128.408209469327,경상남도,함안군,가야읍,함안
386,경남,거창읍,경상남도 거창군 거창읍 거함대로 3252 자전거교통안전교육장 옥상,35.68121720007,127.917925520752,경상남도,거창군,거창읍,거창
387,경남,경화동,경남 창원시 진해구 경화로16번길 31 (병암동주민센터),35.1549770590788,128.68955776305,경상남도,창원시,진해구,창원 진해
388,경남,고성읍,경상남도 고성군 고성읍 중앙로 35 고성읍보건지소 2층 옥상,34.9745155341916,128.324446982439,경상남도,고성군,고성읍,고성(경남)
389,경남,고현동,경상남도 거제시 계룡로 125 거제시청 옥상 (고현동),34.8805543084654,128.62078918694,경상남도,거제시,계룡로,거제
390,경남,금성면,경상남도 하동군 금성면 금성중앙길 14 금성꿈나무어린이집 옥상,34.9659349097789,127.794167345231,경상남도,하동군,금성면,하동
391,경남,남해읍,경상남도 남해군 남해읍 남해대로 2745 남해유배문학관 옥상,34.8319601067584,127.899185508281,경상남도,남해군,남해읍,남해
392,경남,내서읍,경상남도 창원시 마산회원구 내서읍 광려로 8 삼계근린공원 지상,35.2260903004507,128.503100300431,경상남도,창원시,마산회원구,창원 회원
393,경남,내일동,경상남도 밀양시 중앙로 346 내일동주민센터 (내일동),35.4937053187812,128.754245873624,경상남도,밀양시,중앙로,밀양
394,경남,대안동,경남 진주시 진주대로 1052 (중소기업은행),35.1935449603716,128.084513324679,경상남도,진주시,진주대로,진주
395,경남,동상동,경남 김해시 호계로 517번길 8 (동상동 주민센터),35.2368522491324,128.883457221191,경상남도,김해시,호계로,김해
396,경남,명서동,경상남도 창원시 의창구 우곡로101번길 28 명서2동 민원센터 (명서동),35.2433939156134,128.641746040928,경상남도,창원시,의창구,창원 의창
397,경남,무전동,경상남도 통영시 안개4길 53 무전동주민센터 (무전동),34.8572475933225,128.432386294284,경상남도,통영시,안개4길,통영
398,경남,물금읍,경상남도 양산시 물금읍 황산로 384 물금읍행정복지센터 옥상,35.3103552294812,128.987284181409,경상남도,양산시,물금읍,양산
401,경남,사천읍,경남 사천시 사천읍 읍내로 52 (사천읍사무소),35.0828016356509,128.091192004982,경상남도,사천시,사천읍,사천
402,경남,사파동,경남 창원시 성산구 창이대로 706번길 16-23 (사파민원센터),35.221822828957,128.698230464809,경상남도,창원시,성산구,창원 성산
403,경남,산청읍,경상남도 산청군 산청읍 산엔청로 1 산청군청 주차장 지상,35.4151686190511,127.873112676479,경상남도,산청군,산청읍,산청
412,경남,월영동,경남 창원시 마산합포구 월영동16길 22 마산합포구도서관 옥상 (해운동),35.1832953074462,128.562664468835,경상남도,창원시,마산합포구,창원 합포
413,경남,의령읍,경남 의령군 의령읍 의병로8길 44 서동생활공원 지상,35.3154535101567,128.255893112204,경상남도,의령군,의령읍,의령
417,경남,창녕읍,경남 창녕군 창녕읍 우포2로 1189-35 정신건강복지센터 옥상,35.5436574022562,128.490113063655,경상남도,창녕군,창녕읍,창녕
419,경남,함양읍,경상남도 함양군 함양읍 고운로 35 함양군청 민원봉사과 옥상,35.5212241308884,127.724155350769,경상남도,함양군,함양읍,함양
420,경남,합천읍,경상남도 합천군 합천읍 대야로 888-20 보훈회관 옥상,35.5672426150434,128.165167306688,경상남도,합천군,합천읍,합천
423,전남,강진읍,전라남도 강진군 강진읍 동성로 72 강진읍 측정소,,,전라남도,강진군,강진읍,강진
424,전남,고흥읍,전라남도 고흥군 고흥읍 터미널길 11 고흥읍사무소,34.6062669347434,127.280676955438,전라남도,고흥군,고흥읍,고흥
425,전남,곡성읍,전남 곡성군 곡성읍 학정3길 6 곡성읍 측정소,35.2833144353276,127.289812091771,전라남도,곡성군,곡성읍,곡성
426,전남,광양읍,전남 광양시 광양읍 인덕로 1100(칠성리) 광양읍 2청사 옥상,34.9809767437071,127.583622984452,전라남도,광양시,광양읍,광양
427,전남,구례읍,전남 구례군 구례읍 동편제길 30 구례읍 측정소,35.2159694811538,127.461797638702,전라남도,구례군,구례읍,구례
428,전남,담양읍,전라남도 담양군 담양읍 면앙정로 730 담양군 농업기술센터 생명농업연구동 뒤편,35.3118544338309,126.974180472308,전라남도,담양군,담양읍,담양
429,전남,대불,전라남도 영암군 삼호읍 대불주거9로 27 대불종합체육관,34.7568467379815,126.451043903413,전라남도,영암군,삼호읍,영암
430,전남,덕충동,전남 여수시 덕충안길 95 만덕동주민자치센터,34.7536604882309,127.746597403496,전라남도,여수시,덕충안길,여수
431,전남,무안읍,전라남도 무안군 무안읍 성내1길 2 무안읍사무소,34.9905278525904,126.476351839371,전라남도,무안군,무안읍,무안
433,전남,벌교읍,전남 보성군 벌교읍 체육공원길 35 벌교읍 측정소,34.8418505611409,127.347664967606,전라남도,보성군,벌교읍,보성
436,전남,부흥동,전남 목포시 삼향천로 28(옥암동) 부흥동주민센터,34.8042958222073,126.434533489623,전라남도,목포시,삼향천로,목포
437,전남,빛가람동,전남 나주시 빛가람로 719 빛가람동 주민센터 옥상,35.0217597252937,126.790363604384,전라남도,나주시,빛가람로,나주
440,전남,순천만,전남 순천시 순천만길 513-25(대대동) 순천만 자연생태관 옥상,34.8857970100738,127.5092833426,전라남도,순천시,순천만길,순천
442,전남,신안군,전라남도 신안군 안좌면 중부로 860 신안군 측정소,34.7556521098046,126.125891754895,전라남도,신안군,안좌면,신안
443,전남,신지면,전라남도 완도군 신지면 신지로 567 신지면 문화센터,34.3344912436672,126.828330551582,전라남도,완도군,신지면,완도
446,전남,영광읍,전라남도 영광군 영광읍 물무로2길 61 영광읍사무소,35.2779737620746,126.511840376809,전라남도,영광군,영광읍,영광
451,전남,장성읍,전남 장성군 장성읍 영천로 211 장성읍사무소 옥상,35.3031968394634,126.785249691359,전라남도,장성군,장성읍,장성
453,전남,장흥읍,전라남도 장흥군 장흥읍 흥성로 23 정남진도서관,34.6744264374425,126.906633390101,전라남도,장흥군,장흥읍,장흥
455,전남,진도읍,전라남도 진도군 진도읍 진도대로 7195 진도여성플라자,34.4792888506586,126.268759698042,전라남도,진도군,진도읍,진도
458,전남,함평읍,전라남도 함평군 함평읍 중앙길 39 함평군노인복지회관,35.0620580021559,126.522697085081,전라남도,함평군,함평읍,함평
459,전남,해남읍,전라남도 해남군 해남읍 남부순환로 114 해남읍사무소,34.5651780955032,126.599188349061,전라남도,해남군,해남읍,해남
461,전남,화순읍,전라남도 화순군 화순읍 동헌길 9-24 화순군 CCTV 관제센터,35.0652920492683,126.985897039077,전라남도,화순군,화순읍,화순
463,광주,건국동,광주 북구 첨단과기로 333 (광주테크노파크 벤처지원센터 옥상) 광주테크노파크 벤처지원센터 옥상,35.2302985085744,126.861720463629,광주광역시,북구,첨단과기로,광주 북구
464,광주,노대동,광주광역시 남구 덕남길 7 문화관 근처 (노대동),35.0994196252406,126.895914495106,광주광역시,남구,덕남길,광주 남구
465,광주,농성동,광주 서구 상무대로 1165 (광주시립미술관 상록전시관 단독건물) 광주시립미술관,35.1549821571973,126.888441546954,광주광역시,서구,상무대로,광주 서구
467,광주,서석동,광주 동구 서남로 1 동구청보건소,35.1461417002004,126.92309316107,광주광역시,동구,서남로,광주 동구
468,광주,오선동,광주 광산구 하남산단 6번로 107 삼성전자 환경안전센터,35.2031404695074,126.808505286719,광주광역시,광산구,하남산단,광주 광산
474,전북,계화면,전라북도 부안군 계화면 간재로 405 계화면사무소 옥상,35.7619136327644,126.697733229017,전라북도,부안군,계화면,부안
475,전북,고산면,전북 완주군 고산면 고산로 69-13 고산면주민자치센터 옥상,35.976447179103,127.205265183943,전라북도,완주군,고산면,완주
476,전북,고창읍,전라북도 고창군 고창읍 월곡공원1길 36 고창군여성회관,35.438123662104,126.712762944223,전라북도,고창군,고창읍,고창
477,전북,관촌면,전라북도 임실군 관촌면 사선1길 13 관촌면 행정복지센터 옥상,35.6738251737149,127.270838070791,전라북도,임실군,관촌면,임실
478,전북,광활면,전라북도 김제시 광활면 지평선로 638 광활면 화합관 옥상,35.8357962249646,126.740497678016,전라북도,김제시,광활면,김제
480,전북,노송동,전북 전주시 완산구 물왕멀3길 29 전주도시혁신센터 옥상 (서노송동),35.8286338040024,127.148060530535,전라북도,전주시,완산구,전주 완산
481,전북,모현동,전북 익산시 배산로 189-10 익산시 청소년문화의 집 옥상,35.9545635848206,126.941372194881,전라북도,익산시,배산로,익산
482,전북,무주읍,전라북도 무주군 무주읍 향학로 49 무주읍사무소 옥상,36.0086581297623,127.661841052458,전라북도,무주군,무주읍,무주
485,전북,비응도동,전북 군산시 새만금북로 43 비응 119 안전센터 옥상 (비응도동),35.9437718534851,126.540828767198,전라북도,군산시,새만금북로,군산
491,전북,송천동,전라북도 전주시 덕진구 동부대로 1183 전주시 농수산물도매시장 관리동 (송천동2가),35.8680467438756,127.116884297843,전라북도,전주시,덕진구,전주 덕진
492,전북,순창읍,전라북도 순창군 순창읍 경천로 33 순창군청 3층 옥상,35.3744547820875,127.137369519216,전라북도,순창군,순창읍,순창
493,전북,신태인,전라북도 정읍시 신태인읍 신태인중앙로 40 신태인여성문화관 옥상,35.6890004964087,126.889492493387,전라북도,정읍시,신태인읍,정읍
503,전북,운봉읍,전라북도 남원시 운봉읍 황산로 1083 운봉읍 행정복지센터 옥상,35.4393043683115,127.529236435643,전라북도,남원시,운봉읍,남원
505,전북,장수읍,전라북도 장수군 장수읍 호비로 10 장수군청 옥상,35.6469812345292,127.521581606256,전라북도,장수군,장수읍,장수
507,전북,진안읍,전북 진안군 진안읍 진무로 1189 진안군 보건소 옥상,35.7973085385,127.434774836735,전라북도,진안군,진안읍,진안
514,제주,강정동,제주특별자치도 서귀포시 일주서로 166 제주 유나이티드 연습구장 옆(지상) (강정동),33.2533332108606,126.490948948242,제주특별자치도,서귀포시,일주서로,서귀포
519,제주,애월읍,제주특별자치도 제주시 애월읍 고내리 1319 애월근린공원 옆,33.4646892662297,126.331494477028,제주특별자치도,제주시,애월읍,제주
